Name ,FWHM_V,FWHM_B,Aper_V,Aper_B,bkg_V,bkg_B
Bochum 2,3.9,3.5,5.166689655,3.478482759,781.1861068,778.0340531