target,slope,constant,slope_err,constant_err
Bochum2_B,0.977406592,24.55611572,0.002836294,0.026837733
Bochum2_V,1.028768471,25.00800128,0.005106691,0.053416345